sample,DOI,flux,se,legacy,moisture,prop.comb,plot
1,1,81.52,3.64,unknown,mesic-subxeric,mid,SS33-6B
2,1,15.21,4.43,unknown,subhygric,low,SS33-6C
3,1,81.01,1.01,non.leg,mesic,high,SS33-9C
4,1,5.23,NA,unknown,mesic,mid,SS33-27B
5,1,67.97,1.1,non.leg,mesic,low,ZF20-8C
6,1,1.97,1.37,unknown,mesic,low,ZF20-9B
7,1,23.37,0.07,non.leg,mesic,low,ZF20-12B
8,1,12.31,0.68,leg.C,mesic,mid,ZF20-34C
9,1,38.64,0.55,unknown,mesic-subhygric,low,ZF20-35A
10,1,33.76,1.76,unknown,mesic,mid,ZF20-52C
11,1,5.62,2.53,leg.C,mesic-subxeric,high,ZF20-59B
12,1,10.04,1.54,non.leg,mesic-subhygric,mid,ZF20-64C
13,1,88.1,0.3,leg.C,subhygric,low,ZF26-5C
14,1,96.04,2.18,non.leg,mesic-subxeric,mid,ZF26-6B
15,1,72.13,4.82,leg.C,mesic-subhygric,low,ZF26-7C
16,1,41.2,2.71,unknown,mesic-subhygric,low,ZF26-50C
17,1,26.24,1.64,leg.C,mesic-subxeric,high,ZF26-54B
18,1,39.68,2.18,unknown,mesic-subhygric,low,ZF26-66B
19,1,24.65,3,unknown,subhygric,low,ZF26-98B
20,1,30.85,1.32,unknown,mesic-subhygric,low,ZF26-104A
21,1,29.53,1.34,unknown,mesic-subhygric,low,ZF26-118B
22,1,34.44,0.52,non.leg,mesic-subhygric,mid,ZF35-11A
23,1,5.12,0.4,leg.C,mesic,low,ZF35-24A
24,1,13.02,0.72,leg.C,subhygric,low,ZF35-33A
25,1,11.49,0.6,leg.C,mesic-subhygric,low,ZF35-37B
26,1,72.05,2.56,leg.C,subhygric,low,ZF44-5A
27,1,88.85,2.2,unknown,mesic,mid,ZF44-16A
28,1,33.24,3.28,unknown,subhygric,low,ZF44-51C
29,1,23.61,1.03,leg.C,mesic,mid,ZF46-1C
30,1,2.4,0.5,unknown,mesic-subhygric,low,ZF46-15C
31,1,5.39,0.37,leg.C,mesic-subhygric,low,ZF46-18B
32,1,29.55,0.18,non.leg,mesic-subhygric,mid,ZF46-21B
33,1,43.39,1.11,unknown,mesic,high,ZF46-24B
34,1,38.86,2.92,unknown,subhygric,low,ZF46-30B
35,1,2.57,NA,leg.C,mesic-subxeric,low,ZF46-35A
36,1,2.45,0.58,unknown,mesic,low,ZF46-48A
37,1,35.23,1.12,unknown,mesic,mid,ZF46-51A
38,1,17.01,0.79,leg.C,subhygric,low,ZF104-4B
39,1,6.43,1.5,unknown,subhygric,low,ZF104-12B
40,1,27.48,0.94,unknown,subhygric,low,ZF104-26A
41,1,17.51,0.66,unknown,subhygric,low,ZF104-57B
1,2,66.81578591,2.207196831,unknown,mesic-subxeric,mid,SS33-6B
2,2,11.95194052,5.049251335,unknown,subhygric,low,SS33-6C
3,2,82.73972623,0.622687274,non.leg,mesic,high,SS33-9C
4,2,11.05071236,NA,unknown,mesic,mid,SS33-27B
5,2,67.6335408,1.966804175,non.leg,mesic,low,ZF20-8C
6,2,3.869780382,2.556631158,unknown,mesic,low,ZF20-9B
7,2,24.6733309,1.033148729,non.leg,mesic,low,ZF20-12B
8,2,18.77639113,0.727291077,leg.C,mesic,mid,ZF20-34C
9,2,38.53813012,0.085549063,unknown,mesic-subhygric,low,ZF20-35A
10,2,27.26980242,3.069785902,unknown,mesic,mid,ZF20-52C
11,2,7.23290183,4.13587178,leg.C,mesic-subxeric,high,ZF20-59B
12,2,9.956336347,2.214667485,non.leg,mesic-subhygric,mid,ZF20-64C
13,2,89.50682608,3.492546034,leg.C,subhygric,low,ZF26-5C
14,2,101.3661517,4.034657914,non.leg,mesic-subxeric,mid,ZF26-6B
15,2,69.33779833,7.201597189,leg.C,mesic-subhygric,low,ZF26-7C
16,2,40.71484804,3.466232745,unknown,mesic-subhygric,low,ZF26-50C
17,2,25.7703941,2.71293563,leg.C,mesic-subxeric,high,ZF26-54B
18,2,38.55716289,2.956908796,unknown,mesic-subhygric,low,ZF26-66B
19,2,22.15392096,4.845998158,unknown,subhygric,low,ZF26-98B
20,2,30.67907118,2.544078335,unknown,mesic-subhygric,low,ZF26-104A
21,2,29.39008721,2.059698195,unknown,mesic-subhygric,low,ZF26-118B
22,2,34.96423895,1.28630321,non.leg,mesic-subhygric,mid,ZF35-11A
23,2,5.478881698,0.755282437,leg.C,mesic,low,ZF35-24A
24,2,12.86889958,1.370749537,leg.C,subhygric,low,ZF35-33A
25,2,12.02226271,1.231120665,leg.C,mesic-subhygric,low,ZF35-37B
26,2,67.98978098,7.415368417,leg.C,subhygric,low,ZF44-5A
27,2,78.46445271,3.125918277,unknown,mesic,mid,ZF44-16A
28,2,31.9046837,3.332362404,unknown,subhygric,low,ZF44-51C
29,2,14.51987461,2.188299665,leg.C,mesic,mid,ZF46-1C
30,2,1.850312659,0.500932293,unknown,mesic-subhygric,low,ZF46-15C
31,2,2.764693881,0.428638797,leg.C,mesic-subhygric,low,ZF46-18B
32,2,13.67293196,1.608136646,non.leg,mesic-subhygric,mid,ZF46-21B
33,2,45.68857664,0.06015089,unknown,mesic,high,ZF46-24B
34,2,23.13715206,2.727393701,unknown,subhygric,low,ZF46-30B
35,2,NA,NA,leg.C,mesic-subxeric,low,ZF46-35A
36,2,1.79053923,0.519071923,unknown,mesic,low,ZF46-48A
37,2,33.64649786,1.111207538,unknown,mesic,mid,ZF46-51A
38,2,16.69560731,0.37501703,leg.C,subhygric,low,ZF104-4B
39,2,4.518139618,1.743911859,unknown,subhygric,low,ZF104-12B
40,2,27.11269104,1.333448261,unknown,subhygric,low,ZF104-26A
41,2,17.47319923,0.764649236,unknown,subhygric,low,ZF104-57B
1,4,66.38277772,6.684686951,unknown,mesic-subxeric,mid,SS33-6B
2,4,13.87012392,7.973297448,unknown,subhygric,low,SS33-6C
3,4,81.47335242,1.365058552,non.leg,mesic,high,SS33-9C
4,4,30.54880734,NA,unknown,mesic,mid,SS33-27B
5,4,68.6664157,4.107820144,non.leg,mesic,low,ZF20-8C
6,4,6.293644609,4.215161182,unknown,mesic,low,ZF20-9B
7,4,25.30105007,2.17583435,non.leg,mesic,low,ZF20-12B
8,4,18.97154074,3.887041729,leg.C,mesic,mid,ZF20-34C
9,4,43.32831056,3.903366104,unknown,mesic-subhygric,low,ZF20-35A
10,4,37.05668011,0.808918906,unknown,mesic,mid,ZF20-52C
11,4,8.606283002,5.548497959,leg.C,mesic-subxeric,high,ZF20-59B
12,4,13.20041891,3.669785688,non.leg,mesic-subhygric,mid,ZF20-64C
13,4,87.55013192,3.755514716,leg.C,subhygric,low,ZF26-5C
14,4,105.6495451,5.053334353,non.leg,mesic-subxeric,mid,ZF26-6B
15,4,68.4399171,8.837071829,leg.C,mesic-subhygric,low,ZF26-7C
16,4,40.36103752,4.02197794,unknown,mesic-subhygric,low,ZF26-50C
17,4,26.09117572,3.337768185,leg.C,mesic-subxeric,high,ZF26-54B
18,4,38.65302102,3.701545738,unknown,mesic-subhygric,low,ZF26-66B
19,4,20.27020561,5.621931566,unknown,subhygric,low,ZF26-98B
20,4,31.87093058,3.120722069,unknown,mesic-subhygric,low,ZF26-104A
21,4,29.99716291,2.663305285,unknown,mesic-subhygric,low,ZF26-118B
22,4,35.31029637,1.958321284,non.leg,mesic-subhygric,mid,ZF35-11A
23,4,5.704985312,0.928377157,leg.C,mesic,low,ZF35-24A
24,4,13.18566351,1.554866513,leg.C,subhygric,low,ZF35-33A
25,4,12.59100797,1.480678418,leg.C,mesic-subhygric,low,ZF35-37B
26,4,51.42277064,3.152862456,leg.C,subhygric,low,ZF44-5A
27,4,86.27226966,3.621676036,unknown,mesic,mid,ZF44-16A
28,4,36.03257678,4.782476204,unknown,subhygric,low,ZF44-51C
29,4,21.85523707,0.934225366,leg.C,mesic,mid,ZF46-1C
30,4,3.013076708,0.813083287,unknown,mesic-subhygric,low,ZF46-15C
31,4,4.978139179,0.532204581,leg.C,mesic-subhygric,low,ZF46-18B
32,4,28.88563114,0.651686575,non.leg,mesic-subhygric,mid,ZF46-21B
33,4,45.38912553,2.328510219,unknown,mesic,high,ZF46-24B
34,4,41.12793769,3.190596863,unknown,subhygric,low,ZF46-30B
35,4,1.915343604,NA,leg.C,mesic-subxeric,low,ZF46-35A
36,4,2.760934835,0.667931871,unknown,mesic,low,ZF46-48A
37,4,35.19479591,1.416136741,unknown,mesic,mid,ZF46-51A
38,4,17.01204173,0.4721956,leg.C,subhygric,low,ZF104-4B
39,4,14.49009764,1.064769659,unknown,subhygric,low,ZF104-12B
40,4,13.99968537,2.813779439,unknown,subhygric,low,ZF104-26A
41,4,17.86543534,0.894345503,unknown,subhygric,low,ZF104-57B
1,5,76.55384827,NA,unknown,mesic-subxeric,mid,SS33-6B
2,5,22.04736701,NA,unknown,subhygric,low,SS33-6C
3,5,85.11263272,NA,non.leg,mesic,high,SS33-9C
4,5,22.42219083,NA,unknown,mesic,mid,SS33-27B
5,5,73.84917988,NA,non.leg,mesic,low,ZF20-8C
6,5,7.951817894,NA,unknown,mesic,low,ZF20-9B
7,5,28.18804428,NA,non.leg,mesic,low,ZF20-12B
8,5,22.74188641,NA,leg.C,mesic,mid,ZF20-34C
9,5,46.34954386,NA,unknown,mesic-subhygric,low,ZF20-35A
10,5,41.07463953,NA,unknown,mesic,mid,ZF20-52C
11,5,14.08797805,NA,leg.C,mesic-subxeric,high,ZF20-59B
12,5,16.83176452,NA,non.leg,mesic-subhygric,mid,ZF20-64C
13,5,91.46477545,NA,leg.C,subhygric,low,ZF26-5C
14,5,115.6427029,NA,non.leg,mesic-subxeric,mid,ZF26-6B
15,5,77.11393863,NA,leg.C,mesic-subhygric,low,ZF26-7C
16,5,48.11571687,NA,unknown,mesic-subhygric,low,ZF26-50C
17,5,32.35527319,NA,leg.C,mesic-subxeric,high,ZF26-54B
18,5,43.77557571,NA,unknown,mesic-subhygric,low,ZF26-66B
19,5,27.5122529,NA,unknown,subhygric,low,ZF26-98B
20,5,35.96602883,NA,unknown,mesic-subhygric,low,ZF26-104A
21,5,33.81833893,NA,unknown,mesic-subhygric,low,ZF26-118B
22,5,37.44792844,NA,non.leg,mesic-subhygric,mid,ZF35-11A
23,5,6.929537134,NA,leg.C,mesic,low,ZF35-24A
24,5,15.25477692,NA,leg.C,subhygric,low,ZF35-33A
25,5,14.43769941,NA,leg.C,mesic-subhygric,low,ZF35-37B
26,5,48.24646905,NA,leg.C,subhygric,low,ZF44-5A
27,5,86.59273408,NA,unknown,mesic,mid,ZF44-16A
28,5,42.52967015,NA,unknown,subhygric,low,ZF44-51C
29,5,21.43241902,NA,leg.C,mesic,mid,ZF46-1C
30,5,4.314027838,NA,unknown,mesic-subhygric,low,ZF46-15C
31,5,5.385485522,NA,leg.C,mesic-subhygric,low,ZF46-18B
32,5,29.80743935,NA,non.leg,mesic-subhygric,mid,ZF46-21B
33,5,45.35819827,NA,unknown,mesic,high,ZF46-24B
34,5,36.46755276,NA,unknown,subhygric,low,ZF46-30B
35,5,NA,,leg.C,mesic-subxeric,low,ZF46-35A
36,5,3.157955708,NA,unknown,mesic,low,ZF46-48A
37,5,35.53503062,NA,unknown,mesic,mid,ZF46-51A
38,5,17.21804926,NA,leg.C,subhygric,low,ZF104-4B
39,5,16.55047064,NA,unknown,subhygric,low,ZF104-12B
40,5,29.08360993,NA,unknown,subhygric,low,ZF104-26A
41,5,18.30582386,NA,unknown,subhygric,low,ZF104-57B
1,7,55.57676095,0.021142493,unknown,mesic-subxeric,mid,SS33-6B
2,7,5.112932978,1.711969733,unknown,subhygric,low,SS33-6C
3,7,85.30654085,1.320535305,non.leg,mesic,high,SS33-9C
4,7,NA,NA,unknown,mesic,mid,SS33-27B
5,7,63.51187727,0.318123091,non.leg,mesic,low,ZF20-8C
6,7,1.654307023,NA,unknown,mesic,low,ZF20-9B
7,7,21.70073844,0.155763669,non.leg,mesic,low,ZF20-12B
8,7,14.22656172,0.673137214,leg.C,mesic,mid,ZF20-34C
9,7,38.57382258,0.899552354,unknown,mesic-subhygric,low,ZF20-35A
10,7,36.47262226,0.097593269,unknown,mesic,mid,ZF20-52C
11,7,5.486565351,NA,leg.C,mesic-subxeric,high,ZF20-59B
12,7,12.18872879,2.542876798,non.leg,mesic-subhygric,mid,ZF20-64C
13,7,79.03221848,1.612007296,leg.C,subhygric,low,ZF26-5C
14,7,110.1462875,1.513305015,non.leg,mesic-subxeric,mid,ZF26-6B
15,7,52.54429777,3.8697253,leg.C,mesic-subhygric,low,ZF26-7C
16,7,33.52312047,2.524208778,unknown,mesic-subhygric,low,ZF26-50C
17,7,24.45103709,1.616233844,leg.C,mesic-subxeric,high,ZF26-54B
18,7,35.26882992,1.435490207,unknown,mesic-subhygric,low,ZF26-66B
19,7,10.5153775,2.435090843,unknown,subhygric,low,ZF26-98B
20,7,27.18561241,1.571018942,unknown,mesic-subhygric,low,ZF26-104A
21,7,26.97782387,1.34949464,unknown,mesic-subhygric,low,ZF26-118B
22,7,32.37283196,0.966043452,non.leg,mesic-subhygric,mid,ZF35-11A
23,7,4.638455721,0.514409574,leg.C,mesic,low,ZF35-24A
24,7,11.55977793,0.841959495,leg.C,subhygric,low,ZF35-33A
25,7,10.90399251,0.905231184,leg.C,mesic-subhygric,low,ZF35-37B
26,7,40.59103743,0.812683602,leg.C,subhygric,low,ZF44-5A
27,7,77.56370861,1.298799641,unknown,mesic,mid,ZF44-16A
28,7,31.53850095,2.146584472,unknown,subhygric,low,ZF44-51C
29,7,20.35708128,0.939238355,leg.C,mesic,mid,ZF46-1C
30,7,2.106230031,0.58620771,unknown,mesic-subhygric,low,ZF46-15C
31,7,4.404478156,0.367242196,leg.C,mesic-subhygric,low,ZF46-18B
32,7,28.01589895,0.352302658,non.leg,mesic-subhygric,mid,ZF46-21B
33,7,41.68142677,1.167683312,unknown,mesic,high,ZF46-24B
34,7,37.36198431,2.070290703,unknown,subhygric,low,ZF46-30B
35,7,NA,NA,leg.C,mesic-subxeric,low,ZF46-35A
36,7,2.076855001,0.508693573,unknown,mesic,low,ZF46-48A
37,7,30.66491762,0.812873652,unknown,mesic,mid,ZF46-51A
38,7,15.43086174,0.205637926,leg.C,subhygric,low,ZF104-4B
39,7,15.86492271,0.391163232,unknown,subhygric,low,ZF104-12B
40,7,26.53151262,1.124924443,unknown,subhygric,low,ZF104-26A
41,7,16.20462403,0.530423622,unknown,subhygric,low,ZF104-57B
1,9,62.72355887,10.73632683,unknown,mesic-subxeric,mid,SS33-6B
2,9,17.78448768,11.4387997,unknown,subhygric,low,SS33-6C
3,9,85.54696038,1.596750594,non.leg,mesic,high,SS33-9C
4,9,11.69734144,11.2192707,unknown,mesic,mid,SS33-27B
5,9,69.2727361,6.143871843,non.leg,mesic,low,ZF20-8C
6,9,5.546783105,4.353967441,unknown,mesic,low,ZF20-9B
7,9,23.68790843,3.071463944,non.leg,mesic,low,ZF20-12B
8,9,18.22202539,3.303593486,leg.C,mesic,mid,ZF20-34C
9,9,41.14442347,3.782749641,unknown,mesic-subhygric,low,ZF20-35A
10,9,40.58936122,0.680019848,unknown,mesic,mid,ZF20-52C
11,9,4.459569589,3.59856741,leg.C,mesic-subxeric,high,ZF20-59B
12,9,9.152174275,1.790519308,non.leg,mesic-subhygric,mid,ZF20-64C
13,9,77.59310377,1.616759868,leg.C,subhygric,low,ZF26-5C
14,9,119.3138099,5.261698321,non.leg,mesic-subxeric,mid,ZF26-6B
15,9,62.06617836,9.461641799,leg.C,mesic-subhygric,low,ZF26-7C
16,9,37.24677723,4.211921939,unknown,mesic-subhygric,low,ZF26-50C
17,9,26.01530253,2.226328393,leg.C,mesic-subxeric,high,ZF26-54B
18,9,35.24493376,1.849578775,unknown,mesic-subhygric,low,ZF26-66B
19,9,7.714349145,2.205676427,unknown,subhygric,low,ZF26-98B
20,9,25.55960382,3.40512166,unknown,mesic-subhygric,low,ZF26-104A
21,9,28.03993854,2.713663948,unknown,mesic-subhygric,low,ZF26-118B
22,9,33.33093197,2.448102685,non.leg,mesic-subhygric,mid,ZF35-11A
23,9,5.966014861,1.112709922,leg.C,mesic,low,ZF35-24A
24,9,13.58772364,1.696390321,leg.C,subhygric,low,ZF35-33A
25,9,12.76495915,1.565074584,leg.C,mesic-subhygric,low,ZF35-37B
26,9,41.10285194,2.129010116,leg.C,subhygric,low,ZF44-5A
27,9,79.91176699,3.570620759,unknown,mesic,mid,ZF44-16A
28,9,26.18846355,4.481571468,unknown,subhygric,low,ZF44-51C
29,9,20.83521269,1.904949967,leg.C,mesic,mid,ZF46-1C
30,9,3.137386596,1.041531461,unknown,mesic-subhygric,low,ZF46-15C
31,9,4.811978686,0.844393956,leg.C,mesic-subhygric,low,ZF46-18B
32,9,16.11179426,1.882271547,non.leg,mesic-subhygric,mid,ZF46-21B
33,9,43.5819913,1.661885819,unknown,mesic,high,ZF46-24B
34,9,37.22472365,3.595780403,unknown,subhygric,low,ZF46-30B
35,9,NA,NA,leg.C,mesic-subxeric,low,ZF46-35A
36,9,2.938326196,0.845128658,unknown,mesic,low,ZF46-48A
37,9,30.69302939,1.466817465,unknown,mesic,mid,ZF46-51A
38,9,14.64828511,0.322133035,leg.C,subhygric,low,ZF104-4B
39,9,13.82853292,0.748418845,unknown,subhygric,low,ZF104-12B
40,9,25.8262763,1.785354246,unknown,subhygric,low,ZF104-26A
41,9,16.84610404,1.112842196,unknown,subhygric,low,ZF104-57B
1,10,52.00379283,4.067906639,unknown,mesic-subxeric,mid,SS33-6B
2,10,14.4116391,7.013676004,unknown,subhygric,low,SS33-6C
3,10,57.40091063,7.614772395,non.leg,mesic,high,SS33-9C
4,10,23.88951271,9.531308111,unknown,mesic,mid,SS33-27B
5,10,64.33582332,4.763473847,non.leg,mesic,low,ZF20-8C
6,10,3.725142773,1.9274557,unknown,mesic,low,ZF20-9B
7,10,20.67925237,1.886567279,non.leg,mesic,low,ZF20-12B
8,10,17.02299262,3.331957152,leg.C,mesic,mid,ZF20-34C
9,10,39.89079908,3.055822635,unknown,mesic-subhygric,low,ZF20-35A
10,10,37.92046205,0.370395386,unknown,mesic,mid,ZF20-52C
11,10,8.666269159,5.508853584,leg.C,mesic-subxeric,high,ZF20-59B
12,10,15.45352239,3.731273794,non.leg,mesic-subhygric,mid,ZF20-64C
13,10,78.91525592,3.478104984,leg.C,subhygric,low,ZF26-5C
14,10,119.4658301,5.217391237,non.leg,mesic-subxeric,mid,ZF26-6B
15,10,58.68546506,8.757431883,leg.C,mesic-subhygric,low,ZF26-7C
16,10,37.47406013,4.522459999,unknown,mesic-subhygric,low,ZF26-50C
17,10,27.87384116,3.149476006,leg.C,mesic-subxeric,high,ZF26-54B
18,10,39.89554842,3.444969495,unknown,mesic-subhygric,low,ZF26-66B
19,10,18.36973959,7.248634911,unknown,subhygric,low,ZF26-98B
20,10,29.59193456,3.752082176,unknown,mesic-subhygric,low,ZF26-104A
21,10,25.5889081,0.631812547,unknown,mesic-subhygric,low,ZF26-118B
22,10,31.95606576,2.628476858,non.leg,mesic-subhygric,mid,ZF35-11A
23,10,5.866791413,1.071307015,leg.C,mesic,low,ZF35-24A
24,10,13.04383216,1.595368587,leg.C,subhygric,low,ZF35-33A
25,10,12.50597605,1.705802006,leg.C,mesic-subhygric,low,ZF35-37B
26,10,39.12622576,2.817545114,leg.C,subhygric,low,ZF44-5A
27,10,75.0836869,3.353681755,unknown,mesic,mid,ZF44-16A
28,10,36.82164304,4.63904249,unknown,subhygric,low,ZF44-51C
29,10,22.53113171,1.658690584,leg.C,mesic,mid,ZF46-1C
30,10,1.539319684,0.274664805,unknown,mesic-subhygric,low,ZF46-15C
31,10,4.071432452,0.324998845,leg.C,mesic-subhygric,low,ZF46-18B
32,10,11.51654126,2.139107133,non.leg,mesic-subhygric,mid,ZF46-21B
33,10,43.27343951,1.433989559,unknown,mesic,high,ZF46-24B
34,10,34.58962814,1.232456552,unknown,subhygric,low,ZF46-30B
35,10,3.858660371,0.370029184,leg.C,mesic-subxeric,low,ZF46-35A
36,10,3.344157087,0.474228479,unknown,mesic,low,ZF46-48A
37,10,29.15448377,1.020098995,unknown,mesic,mid,ZF46-51A
38,10,15.13499894,0.248069346,leg.C,subhygric,low,ZF104-4B
39,10,14.42088388,0.355093654,unknown,subhygric,low,ZF104-12B
40,10,25.3557652,0.888066525,unknown,subhygric,low,ZF104-26A
41,10,16.16922021,0.736165605,unknown,subhygric,low,ZF104-57B
1,11,51.50019897,4.349786797,unknown,mesic-subxeric,mid,SS33-6B
2,11,12.96080931,6.500314603,unknown,subhygric,low,SS33-6C
3,11,36.31969297,9.08411456,non.leg,mesic,high,SS33-9C
4,11,17.2264135,4.978370813,unknown,mesic,mid,SS33-27B
5,11,61.59416361,3.159299621,non.leg,mesic,low,ZF20-8C
6,11,5.812977811,3.735633589,unknown,mesic,low,ZF20-9B
7,11,21.69499938,1.764194392,non.leg,mesic,low,ZF20-12B
8,11,17.09578864,1.58968191,leg.C,mesic,mid,ZF20-34C
9,11,37.69952272,1.894208397,unknown,mesic-subhygric,low,ZF20-35A
10,11,37.9867129,0.430693324,unknown,mesic,mid,ZF20-52C
11,11,5.947571925,3.447056285,leg.C,mesic-subxeric,high,ZF20-59B
12,11,12.45950014,2.630228611,non.leg,mesic-subhygric,mid,ZF20-64C
13,11,74.41649648,1.132572831,leg.C,subhygric,low,ZF26-5C
14,11,117.8728132,3.468807953,non.leg,mesic-subxeric,mid,ZF26-6B
15,11,53.37791188,5.096287421,leg.C,mesic-subhygric,low,ZF26-7C
16,11,33.25095797,3.259218355,unknown,mesic-subhygric,low,ZF26-50C
17,11,25.55684952,2.675129564,leg.C,mesic-subxeric,high,ZF26-54B
18,11,38.30543444,2.809733179,unknown,mesic-subhygric,low,ZF26-66B
19,11,18.9070833,3.177617534,unknown,subhygric,low,ZF26-98B
20,11,26.69041618,1.414387807,unknown,mesic-subhygric,low,ZF26-104A
21,11,30.82692971,1.970089638,unknown,mesic-subhygric,low,ZF26-118B
22,11,32.07690252,0.219607344,non.leg,mesic-subhygric,mid,ZF35-11A
23,11,5.726146977,0.245799231,leg.C,mesic,low,ZF35-24A
24,11,12.74918009,0.068969996,leg.C,subhygric,low,ZF35-33A
25,11,12.07113784,0.346673995,leg.C,mesic-subhygric,low,ZF35-37B
26,11,38.30728575,0.571415155,leg.C,subhygric,low,ZF44-5A
27,11,73.62358422,2.225997101,unknown,mesic,mid,ZF44-16A
28,11,36.92917163,3.455968368,unknown,subhygric,low,ZF44-51C
29,11,19.82653404,0.429582109,leg.C,mesic,mid,ZF46-1C
30,11,3.292646276,0.333530406,unknown,mesic-subhygric,low,ZF46-15C
31,11,4.4964778,0.258692091,leg.C,mesic-subhygric,low,ZF46-18B
32,11,25.87604978,0.145168548,non.leg,mesic-subhygric,mid,ZF46-21B
33,11,42.02904422,0.638185592,unknown,mesic,high,ZF46-24B
34,11,34.58227236,0.577129772,unknown,subhygric,low,ZF46-30B
35,11,3.36283606,0.003719476,leg.C,mesic-subxeric,low,ZF46-35A
36,11,2.802799326,0.064690232,unknown,mesic,low,ZF46-48A
37,11,27.63675604,0.07297404,unknown,mesic,mid,ZF46-51A
38,11,15.40681193,0.887758359,leg.C,subhygric,low,ZF104-4B
39,11,5.797061962,0.49836535,unknown,subhygric,low,ZF104-12B
40,11,24.96090659,0.874674294,unknown,subhygric,low,ZF104-26A
41,11,16.67543122,0.277342791,unknown,subhygric,low,ZF104-57B
1,12,49.97874716,3.921282035,unknown,mesic-subxeric,mid,SS33-6B
2,12,12.20432288,5.789003521,unknown,subhygric,low,SS33-6C
3,12,54.8741115,7.164198734,non.leg,mesic,high,SS33-9C
4,12,14.76470088,4.291149164,unknown,mesic,mid,SS33-27B
5,12,64.85933117,3.003608043,non.leg,mesic,low,ZF20-8C
6,12,3.838426243,3.09182051,unknown,mesic,low,ZF20-9B
7,12,21.10823592,1.612980963,non.leg,mesic,low,ZF20-12B
8,12,16.37431954,2.623523166,leg.C,mesic,mid,ZF20-34C
9,12,38.26305889,2.399653253,unknown,mesic-subhygric,low,ZF20-35A
10,12,33.56025684,0.697632872,unknown,mesic,mid,ZF20-52C
11,12,8.891739046,4.565152076,leg.C,mesic-subxeric,high,ZF20-59B
12,12,12.62190171,3.468252181,non.leg,mesic-subhygric,mid,ZF20-64C
13,12,74.78580161,3.043119793,leg.C,subhygric,low,ZF26-5C
14,12,118.6282927,5.35471228,non.leg,mesic-subxeric,mid,ZF26-6B
15,12,55.60136518,8.507711245,leg.C,mesic-subhygric,low,ZF26-7C
16,12,35.23520206,3.418175502,unknown,mesic-subhygric,low,ZF26-50C
17,12,26.66648661,2.521963234,leg.C,mesic-subxeric,high,ZF26-54B
18,12,39.0827845,2.784944499,unknown,mesic-subhygric,low,ZF26-66B
19,12,17.8547273,4.852177044,unknown,subhygric,low,ZF26-98B
20,12,26.67178651,2.955854865,unknown,mesic-subhygric,low,ZF26-104A
21,12,29.98158971,2.278147003,unknown,mesic-subhygric,low,ZF26-118B
22,12,31.80523538,1.649131697,non.leg,mesic-subhygric,mid,ZF35-11A
23,12,5.582087007,0.758853464,leg.C,mesic,low,ZF35-24A
24,12,12.58779016,1.098260102,leg.C,subhygric,low,ZF35-33A
25,12,11.7723771,1.062785959,leg.C,mesic-subhygric,low,ZF35-37B
26,12,36.98622073,0.865520203,leg.C,subhygric,low,ZF44-5A
27,12,70.47006094,2.229489125,unknown,mesic,mid,ZF44-16A
28,12,36.44757956,3.133983136,unknown,subhygric,low,ZF44-51C
29,12,17.14231842,1.715046564,leg.C,mesic,mid,ZF46-1C
30,12,3.837972111,0.660378421,unknown,mesic-subhygric,low,ZF46-15C
31,12,4.590171279,0.440315231,leg.C,mesic-subhygric,low,ZF46-18B
32,12,11.52194391,1.967257643,non.leg,mesic-subhygric,mid,ZF46-21B
33,12,41.13528503,0.874333525,unknown,mesic,high,ZF46-24B
34,12,35.18522062,1.747847183,unknown,subhygric,low,ZF46-30B
35,12,3.439833244,0.557339683,leg.C,mesic-subxeric,low,ZF46-35A
36,12,3.027179041,0.552293137,unknown,mesic,low,ZF46-48A
37,12,27.891226,1.160261196,unknown,mesic,mid,ZF46-51A
38,12,14.57880989,0.422263682,leg.C,subhygric,low,ZF104-4B
39,12,6.693827939,1.876009485,unknown,subhygric,low,ZF104-12B
40,12,24.51402943,1.299995288,unknown,subhygric,low,ZF104-26A
41,12,15.63578757,0.750278905,unknown,subhygric,low,ZF104-57B
1,16,40.66029109,2.875394808,unknown,mesic-subxeric,mid,SS33-6B
2,16,12.19450966,1.7694427,unknown,subhygric,low,SS33-6C
3,16,88.10946792,5.065101303,non.leg,mesic,high,SS33-9C
4,16,6.844715076,0.972214289,unknown,mesic,mid,SS33-27B
5,16,62.9181475,3.12908884,non.leg,mesic,low,ZF20-8C
6,16,4.240907861,1.047703332,unknown,mesic,low,ZF20-9B
7,16,20.58136806,1.339351381,non.leg,mesic,low,ZF20-12B
8,16,11.20859724,0.930802909,leg.C,mesic,mid,ZF20-34C
9,16,39.20418136,2.016104912,unknown,mesic-subhygric,low,ZF20-35A
10,16,24.58010201,4.153837341,unknown,mesic,mid,ZF20-52C
11,16,7.219702291,1.014010602,leg.C,mesic-subxeric,high,ZF20-59B
12,16,10.63127962,0.744767403,non.leg,mesic-subhygric,mid,ZF20-64C
13,16,71.71837887,2.641728645,leg.C,subhygric,low,ZF26-5C
14,16,105.1770718,4.296020457,non.leg,mesic-subxeric,mid,ZF26-6B
15,16,52.77498424,1.398102014,leg.C,mesic-subhygric,low,ZF26-7C
16,16,34.86670236,0.00283881,unknown,mesic-subhygric,low,ZF26-50C
17,16,25.26683971,0.184956004,leg.C,mesic-subxeric,high,ZF26-54B
18,16,38.37376345,0.571731441,unknown,mesic-subhygric,low,ZF26-66B
19,16,19.00939242,1.158579041,unknown,subhygric,low,ZF26-98B
20,16,31.77943114,0.451981993,unknown,mesic-subhygric,low,ZF26-104A
21,16,32.15974531,0.718972574,unknown,mesic-subhygric,low,ZF26-118B
22,16,30.10071318,1.66598098,non.leg,mesic-subhygric,mid,ZF35-11A
23,16,5.920903373,0.18151168,leg.C,mesic,low,ZF35-24A
24,16,13.6638426,0.091652239,leg.C,subhygric,low,ZF35-33A
25,16,11.95744318,0.094772083,leg.C,mesic-subhygric,low,ZF35-37B
26,16,35.86017627,0.385425841,leg.C,subhygric,low,ZF44-5A
27,16,72.08809847,0.843291429,unknown,mesic,mid,ZF44-16A
28,16,37.95091992,0.599661939,unknown,subhygric,low,ZF44-51C
29,16,NA,NA,leg.C,mesic,mid,ZF46-1C
30,16,3.7557037,0.158587326,unknown,mesic-subhygric,low,ZF46-15C
31,16,4.797815772,0.075903588,leg.C,mesic-subhygric,low,ZF46-18B
32,16,23.35717979,0.969095358,non.leg,mesic-subhygric,mid,ZF46-21B
33,16,39.34751154,1.363381547,unknown,mesic,high,ZF46-24B
34,16,30.92121606,0.543557705,unknown,subhygric,low,ZF46-30B
35,16,3.047649173,0.125088682,leg.C,mesic-subxeric,low,ZF46-35A
36,16,2.919314037,0.193562859,unknown,mesic,low,ZF46-48A
37,16,28.39902927,0.617159725,unknown,mesic,mid,ZF46-51A
38,16,16.12269092,0.808597006,leg.C,subhygric,low,ZF104-4B
39,16,13.10671368,0.355264233,unknown,subhygric,low,ZF104-12B
40,16,25.18672295,0.66687168,unknown,subhygric,low,ZF104-26A
41,16,16.21253928,0.785721898,unknown,subhygric,low,ZF104-57B
1,17,42.47919308,1.751378507,unknown,mesic-subxeric,mid,SS33-6B
2,17,6.830173192,4.8128645,unknown,subhygric,low,SS33-6C
3,17,92.64712778,2.020299455,non.leg,mesic,high,SS33-9C
4,17,NA,NA,unknown,mesic,mid,SS33-27B
5,17,62.86819569,4.10895294,non.leg,mesic,low,ZF20-8C
6,17,2.194789279,1.816740218,unknown,mesic,low,ZF20-9B
7,17,20.1425231,1.502059651,non.leg,mesic,low,ZF20-12B
8,17,11.7104817,0.596261614,leg.C,mesic,mid,ZF20-34C
9,17,36.32168565,1.783323938,unknown,mesic-subhygric,low,ZF20-35A
10,17,27.33590039,0.726355355,unknown,mesic,mid,ZF20-52C
11,17,2.91094043,1.440795377,leg.C,mesic-subxeric,high,ZF20-59B
12,17,5.941196455,0.858766004,non.leg,mesic-subhygric,mid,ZF20-64C
13,17,69.455803,3.0674493,leg.C,subhygric,low,ZF26-5C
14,17,103.9134208,6.418180769,non.leg,mesic-subxeric,mid,ZF26-6B
15,17,47.73233267,5.809607752,leg.C,mesic-subhygric,low,ZF26-7C
16,17,30.0290842,1.947780441,unknown,mesic-subhygric,low,ZF26-50C
17,17,21.29631172,1.561330486,leg.C,mesic-subxeric,high,ZF26-54B
18,17,33.5902394,2.685853628,unknown,mesic-subhygric,low,ZF26-66B
19,17,14.71426864,2.609282377,unknown,subhygric,low,ZF26-98B
20,17,29.5731638,2.364610396,unknown,mesic-subhygric,low,ZF26-104A
21,17,27.44399874,0.18293237,unknown,mesic-subhygric,low,ZF26-118B
22,17,29.66357615,1.712510062,non.leg,mesic-subhygric,mid,ZF35-11A
23,17,5.459449464,0.732599054,leg.C,mesic,low,ZF35-24A
24,17,13.27115021,1.042121459,leg.C,subhygric,low,ZF35-33A
25,17,10.62858227,1.001220208,leg.C,mesic-subhygric,low,ZF35-37B
26,17,33.43608423,0.978735062,leg.C,subhygric,low,ZF44-5A
27,17,69.76610012,2.473949586,unknown,mesic,mid,ZF44-16A
28,17,8.397434495,5.68985674,unknown,subhygric,low,ZF44-51C
29,17,NA,NA,leg.C,mesic,mid,ZF46-1C
30,17,2.89976495,0.326474956,unknown,mesic-subhygric,low,ZF46-15C
31,17,1.969480443,0.520619069,leg.C,mesic-subhygric,low,ZF46-18B
32,17,23.32174383,0.054082147,non.leg,mesic-subhygric,mid,ZF46-21B
33,17,36.82352277,0.762133306,unknown,mesic,high,ZF46-24B
34,17,18.08719672,3.178689291,unknown,subhygric,low,ZF46-30B
35,17,2.234377955,0.226401034,leg.C,mesic-subxeric,low,ZF46-35A
36,17,2.038674181,0.31197481,unknown,mesic,low,ZF46-48A
37,17,27.50558494,0.908269833,unknown,mesic,mid,ZF46-51A
38,17,15.04372901,0.338583148,leg.C,subhygric,low,ZF104-4B
39,17,10.65934476,0.648471414,unknown,subhygric,low,ZF104-12B
40,17,22.09542162,1.132655616,unknown,subhygric,low,ZF104-26A
41,17,14.86038697,0.585728217,unknown,subhygric,low,ZF104-57B
1,23,37.22216489,8.818345527,unknown,mesic-subxeric,mid,SS33-6B
2,23,14.48103177,5.487563774,unknown,subhygric,low,SS33-6C
3,23,105.2038431,0.621178725,non.leg,mesic,high,SS33-9C
4,23,4.360202048,2.048895782,unknown,mesic,mid,SS33-27B
5,23,66.538179,1.052497955,non.leg,mesic,low,ZF20-8C
6,23,2.264657677,1.581588361,unknown,mesic,low,ZF20-9B
7,23,22.75832815,0.590595898,non.leg,mesic,low,ZF20-12B
8,23,13.88178307,0.618332034,leg.C,mesic,mid,ZF20-34C
9,23,43.27329444,1.090260853,unknown,mesic-subhygric,low,ZF20-35A
10,23,38.20194928,1.604550889,unknown,mesic,mid,ZF20-52C
11,23,3.482796618,NA,leg.C,mesic-subxeric,high,ZF20-59B
12,23,11.69968449,0.880531764,non.leg,mesic-subhygric,mid,ZF20-64C
13,23,71.99264923,2.047262741,leg.C,subhygric,low,ZF26-5C
14,23,110.0927967,1.530023823,non.leg,mesic-subxeric,mid,ZF26-6B
15,23,49.41895744,4.188790998,leg.C,mesic-subhygric,low,ZF26-7C
16,23,33.38374869,2.266460301,unknown,mesic-subhygric,low,ZF26-50C
17,23,23.85571787,1.813913051,leg.C,mesic-subxeric,high,ZF26-54B
18,23,35.23142503,1.871095257,unknown,mesic-subhygric,low,ZF26-66B
19,23,15.51972683,2.177109487,unknown,subhygric,low,ZF26-98B
20,23,30.04564363,1.317057144,unknown,mesic-subhygric,low,ZF26-104A
21,23,35.18160957,1.257891247,unknown,mesic-subhygric,low,ZF26-118B
22,23,32.54725744,0.80750586,non.leg,mesic-subhygric,mid,ZF35-11A
23,23,5.089672916,0.531346173,leg.C,mesic,low,ZF35-24A
24,23,11.15657286,2.652370406,leg.C,subhygric,low,ZF35-33A
25,23,12.39328683,0.666419919,leg.C,mesic-subhygric,low,ZF35-37B
26,23,33.86823415,1.384621612,leg.C,subhygric,low,ZF44-5A
27,23,54.63648889,0.686009129,unknown,mesic,mid,ZF44-16A
28,23,36.24931311,2.407303032,unknown,subhygric,low,ZF44-51C
29,23,0.078797805,NA,leg.C,mesic,mid,ZF46-1C
30,23,3.418351228,0.290078912,unknown,mesic-subhygric,low,ZF46-15C
31,23,4.496457611,0.198717171,leg.C,mesic-subhygric,low,ZF46-18B
32,23,23.69024371,0.262601008,non.leg,mesic-subhygric,mid,ZF46-21B
33,23,41.75613201,0.669311294,unknown,mesic,high,ZF46-24B
34,23,27.91486924,1.827194984,unknown,subhygric,low,ZF46-30B
35,23,2.610856263,0.216800795,leg.C,mesic-subxeric,low,ZF46-35A
36,23,2.355868106,0.256691743,unknown,mesic,low,ZF46-48A
37,23,18.30060725,1.513767198,unknown,mesic,mid,ZF46-51A
38,23,15.96939003,0.459313893,leg.C,subhygric,low,ZF104-4B
39,23,11.63335299,0.582030108,unknown,subhygric,low,ZF104-12B
40,23,20.86733919,1.178330788,unknown,subhygric,low,ZF104-26A
41,23,16.21394884,0.512497613,unknown,subhygric,low,ZF104-57B
1,29,40.75497017,1.471196818,unknown,mesic-subxeric,mid,SS33-6B
2,29,6.3755767,1.402050217,unknown,subhygric,low,SS33-6C
3,29,95.06299739,0.736113279,non.leg,mesic,high,SS33-9C
4,29,5.478207099,1.874473719,unknown,mesic,mid,SS33-27B
5,29,56.74214727,0.663489279,non.leg,mesic,low,ZF20-8C
6,29,2.036340267,1.35556302,unknown,mesic,low,ZF20-9B
7,29,21.04918183,0.293503625,non.leg,mesic,low,ZF20-12B
8,29,10.83613721,0.362887309,leg.C,mesic,mid,ZF20-34C
9,29,37.56234369,0.850397111,unknown,mesic-subhygric,low,ZF20-35A
10,29,32.39070012,1.511158323,unknown,mesic,mid,ZF20-52C
11,29,1.692578628,NA,leg.C,mesic-subxeric,high,ZF20-59B
12,29,8.981820485,0.433066032,non.leg,mesic-subhygric,mid,ZF20-64C
13,29,64.90012923,1.115722194,leg.C,subhygric,low,ZF26-5C
14,29,85.11375125,3.175465946,non.leg,mesic-subxeric,mid,ZF26-6B
15,29,41.88515446,2.92218597,leg.C,mesic-subhygric,low,ZF26-7C
16,29,26.17564889,5.247109458,unknown,mesic-subhygric,low,ZF26-50C
17,29,24.53165243,2.569216886,leg.C,mesic-subxeric,high,ZF26-54B
18,29,29.20870251,2.597938665,unknown,mesic-subhygric,low,ZF26-66B
19,29,12.91130952,2.567180965,unknown,subhygric,low,ZF26-98B
20,29,25.94337186,1.001549961,unknown,mesic-subhygric,low,ZF26-104A
21,29,31.80070652,1.124494327,unknown,mesic-subhygric,low,ZF26-118B
22,29,28.12702025,0.362311705,non.leg,mesic-subhygric,mid,ZF35-11A
23,29,4.708297294,0.364165091,leg.C,mesic,low,ZF35-24A
24,29,11.58624287,0.607917301,leg.C,subhygric,low,ZF35-33A
25,29,9.925856992,0.637587187,leg.C,mesic-subhygric,low,ZF35-37B
26,29,39.71098615,7.204929862,leg.C,subhygric,low,ZF44-5A
27,29,54.2809015,4.85140327,unknown,mesic,mid,ZF44-16A
28,29,33.9725128,3.740864311,unknown,subhygric,low,ZF44-51C
29,29,1.202421467,0.982731985,leg.C,mesic,mid,ZF46-1C
30,29,2.547447106,0.46128735,unknown,mesic-subhygric,low,ZF46-15C
31,29,3.948879636,0.211976756,leg.C,mesic-subhygric,low,ZF46-18B
32,29,20.54651534,2.32653175,non.leg,mesic-subhygric,mid,ZF46-21B
33,29,36.47826303,1.495784934,unknown,mesic,high,ZF46-24B
34,29,20.08242729,5.111032364,unknown,subhygric,low,ZF46-30B
35,29,2.336045305,0.122533381,leg.C,mesic-subxeric,low,ZF46-35A
36,29,2.057280386,0.183400946,unknown,mesic,low,ZF46-48A
37,29,17.63552821,2.140041463,unknown,mesic,mid,ZF46-51A
38,29,13.86514033,1.892987605,leg.C,subhygric,low,ZF104-4B
39,29,10.68592405,4.016057121,unknown,subhygric,low,ZF104-12B
40,29,8.049049621,1.531713526,unknown,subhygric,low,ZF104-26A
41,29,14.58690265,0.148721715,unknown,subhygric,low,ZF104-57B
1,36,37.49779186,1.157403462,unknown,mesic-subxeric,mid,SS33-6B
2,36,4.599410319,2.248500084,unknown,subhygric,low,SS33-6C
3,36,74.21306423,3.97573072,non.leg,mesic,high,SS33-9C
4,36,2.870641614,1.647927898,unknown,mesic,mid,SS33-27B
5,36,43.84297568,2.402194062,non.leg,mesic,low,ZF20-8C
6,36,2.359285751,0.733172546,unknown,mesic,low,ZF20-9B
7,36,20.04183766,0.747021496,non.leg,mesic,low,ZF20-12B
8,36,5.107836808,1.531233853,leg.C,mesic,mid,ZF20-34C
9,36,27.13922154,2.41716844,unknown,mesic-subhygric,low,ZF20-35A
10,36,31.42611617,1.899050529,unknown,mesic,mid,ZF20-52C
11,36,2.708440633,NA,leg.C,mesic-subxeric,high,ZF20-59B
12,36,8.230693738,0.734785044,non.leg,mesic-subhygric,mid,ZF20-64C
13,36,24.10994072,5.408580858,leg.C,subhygric,low,ZF26-5C
14,36,86.9841107,1.138608722,non.leg,mesic-subxeric,mid,ZF26-6B
15,36,39.26870964,3.324404071,leg.C,mesic-subhygric,low,ZF26-7C
16,36,11.06521364,5.050346882,unknown,mesic-subhygric,low,ZF26-50C
17,36,21.51614602,1.290314474,leg.C,mesic-subxeric,high,ZF26-54B
18,36,27.26991897,1.553096101,unknown,mesic-subhygric,low,ZF26-66B
19,36,10.95561568,2.392698316,unknown,subhygric,low,ZF26-98B
20,36,26.24570611,1.251121456,unknown,mesic-subhygric,low,ZF26-104A
21,36,29.66988529,1.348295907,unknown,mesic-subhygric,low,ZF26-118B
22,36,27.73435766,0.306537571,non.leg,mesic-subhygric,mid,ZF35-11A
23,36,4.880142954,0.379871994,leg.C,mesic,low,ZF35-24A
24,36,10.77000629,0.778333821,leg.C,subhygric,low,ZF35-33A
25,36,9.766180037,0.654715383,leg.C,mesic-subhygric,low,ZF35-37B
26,36,30.93082586,0.586169584,leg.C,subhygric,low,ZF44-5A
27,36,42.23582358,0.989419891,unknown,mesic,mid,ZF44-16A
28,36,19.15225103,3.734281001,unknown,subhygric,low,ZF44-51C
29,36,0.084278194,NA,leg.C,mesic,mid,ZF46-1C
30,36,1.711725936,0.506720326,unknown,mesic-subhygric,low,ZF46-15C
31,36,3.684017887,0.24972117,leg.C,mesic-subhygric,low,ZF46-18B
32,36,9.070531698,1.142942798,non.leg,mesic-subhygric,mid,ZF46-21B
33,36,35.85263127,0.424263074,unknown,mesic,high,ZF46-24B
34,36,8.709626918,3.153904907,unknown,subhygric,low,ZF46-30B
35,36,1.862250971,0.158747478,leg.C,mesic-subxeric,low,ZF46-35A
36,36,1.696989863,0.149764047,unknown,mesic,low,ZF46-48A
37,36,15.62577506,1.858207134,unknown,mesic,mid,ZF46-51A
38,36,12.27504614,0.215846905,leg.C,subhygric,low,ZF104-4B
39,36,8.183263364,0.607813947,unknown,subhygric,low,ZF104-12B
40,36,17.56537483,0.539575871,unknown,subhygric,low,ZF104-26A
41,36,13.85055989,0.694662555,unknown,subhygric,low,ZF104-57B
1,43,47.12219965,0.153761878,unknown,mesic-subxeric,mid,SS33-6B
2,43,10.1289338,1.681206559,unknown,subhygric,low,SS33-6C
3,43,112.4450738,1.96842405,non.leg,mesic,high,SS33-9C
4,43,7.878954628,1.156565174,unknown,mesic,mid,SS33-27B
5,43,45.5907456,3.920420893,non.leg,mesic,low,ZF20-8C
6,43,1.307251524,0.622639926,unknown,mesic,low,ZF20-9B
7,43,24.72650659,0.600792944,non.leg,mesic,low,ZF20-12B
8,43,18.93232935,0.528012971,leg.C,mesic,mid,ZF20-34C
9,43,23.95965187,5.186516722,unknown,mesic-subhygric,low,ZF20-35A
10,43,50.30569395,1.506746799,unknown,mesic,mid,ZF20-52C
11,43,7.334847169,1.902786157,leg.C,mesic-subxeric,high,ZF20-59B
12,43,7.32036098,1.911777069,non.leg,mesic-subhygric,mid,ZF20-64C
13,43,75.66329265,1.496112035,leg.C,subhygric,low,ZF26-5C
14,43,76.96864463,3.530105377,non.leg,mesic-subxeric,mid,ZF26-6B
15,43,52.22465266,2.64935377,leg.C,mesic-subhygric,low,ZF26-7C
16,43,34.7419264,1.451796288,unknown,mesic-subhygric,low,ZF26-50C
17,43,25.6513841,0.951977325,leg.C,mesic-subxeric,high,ZF26-54B
18,43,30.7891976,1.12994942,unknown,mesic-subhygric,low,ZF26-66B
19,43,15.78908358,0.452486731,unknown,subhygric,low,ZF26-98B
20,43,31.96155167,0.332928955,unknown,mesic-subhygric,low,ZF26-104A
21,43,32.1404527,0.966311174,unknown,mesic-subhygric,low,ZF26-118B
22,43,35.15989147,0.574420751,non.leg,mesic-subhygric,mid,ZF35-11A
23,43,6.071307669,0.287140005,leg.C,mesic,low,ZF35-24A
24,43,12.72124268,0.568355414,leg.C,subhygric,low,ZF35-33A
25,43,13.56764286,0.467549209,leg.C,mesic-subhygric,low,ZF35-37B
26,43,33.57156456,1.205259426,leg.C,subhygric,low,ZF44-5A
27,43,54.58287542,0.685854298,unknown,mesic,mid,ZF44-16A
28,43,40.9362327,2.313559939,unknown,subhygric,low,ZF44-51C
29,43,16.59378572,2.375157367,leg.C,mesic,mid,ZF46-1C
30,43,0.885653483,NA,unknown,mesic-subhygric,low,ZF46-15C
31,43,1.587271608,0.107267085,leg.C,mesic-subhygric,low,ZF46-18B
32,43,19.63260862,0.400832428,non.leg,mesic-subhygric,mid,ZF46-21B
33,43,39.38935281,0.683144544,unknown,mesic,high,ZF46-24B
34,43,7.759947707,NA,unknown,subhygric,low,ZF46-30B
35,43,3.110039003,0.077120188,leg.C,mesic-subxeric,low,ZF46-35A
36,43,1.929297748,0.07623312,unknown,mesic,low,ZF46-48A
37,43,12.78588949,2.200357485,unknown,mesic,mid,ZF46-51A
38,43,12.14011889,0.969929309,leg.C,subhygric,low,ZF104-4B
39,43,2.802793284,0.938107685,unknown,subhygric,low,ZF104-12B
40,43,16.69842102,0.984105087,unknown,subhygric,low,ZF104-26A
41,43,5.297810069,1.320137155,unknown,subhygric,low,ZF104-57B
1,50,47.90451284,0.975259964,unknown,mesic-subxeric,mid,SS33-6B
2,50,8.175321343,1.570730339,unknown,subhygric,low,SS33-6C
3,50,99.95896089,1.851037634,non.leg,mesic,high,SS33-9C
4,50,5.108499424,1.207153263,unknown,mesic,mid,SS33-27B
5,50,30.86507399,5.117995774,non.leg,mesic,low,ZF20-8C
6,50,1.225678043,0.416537605,unknown,mesic,low,ZF20-9B
7,50,24.74365207,0.269554475,non.leg,mesic,low,ZF20-12B
8,50,17.47452183,0.175805782,leg.C,mesic,mid,ZF20-34C
9,50,19.68931598,4.53891419,unknown,mesic-subhygric,low,ZF20-35A
10,50,51.75759252,1.336041906,unknown,mesic,mid,ZF20-52C
11,50,4.828619869,1.718889846,leg.C,mesic-subxeric,high,ZF20-59B
12,50,11.18178241,1.249723837,non.leg,mesic-subhygric,mid,ZF20-64C
13,50,72.48024634,1.858451073,leg.C,subhygric,low,ZF26-5C
14,50,70.90314936,3.385680652,non.leg,mesic-subxeric,mid,ZF26-6B
15,50,45.93350593,2.648862697,leg.C,mesic-subhygric,low,ZF26-7C
16,50,32.63132704,1.490031869,unknown,mesic-subhygric,low,ZF26-50C
17,50,23.78220459,1.036405587,leg.C,mesic-subxeric,high,ZF26-54B
18,50,29.35173097,1.106655926,unknown,mesic-subhygric,low,ZF26-66B
19,50,14.7766604,1.145409531,unknown,subhygric,low,ZF26-98B
20,50,33.40097905,0.836739752,unknown,mesic-subhygric,low,ZF26-104A
21,50,30.80310381,0.924045034,unknown,mesic-subhygric,low,ZF26-118B
22,50,34.28920533,0.273476097,non.leg,mesic-subhygric,mid,ZF35-11A
23,50,5.762563722,0.306350971,leg.C,mesic,low,ZF35-24A
24,50,11.39037446,0.692034667,leg.C,subhygric,low,ZF35-33A
25,50,12.8759625,0.547877008,leg.C,mesic-subhygric,low,ZF35-37B
26,50,34.79036946,0.5901819,leg.C,subhygric,low,ZF44-5A
27,50,52.29261757,0.975322197,unknown,mesic,mid,ZF44-16A
28,50,17.72420231,7.861338691,unknown,subhygric,low,ZF44-51C
29,50,10.22147146,2.805464368,leg.C,mesic,mid,ZF46-1C
30,50,1.42049812,0.617037081,unknown,mesic-subhygric,low,ZF46-15C
31,50,3.892033947,0.33386513,leg.C,mesic-subhygric,low,ZF46-18B
32,50,18.88920417,0.239960523,non.leg,mesic-subhygric,mid,ZF46-21B
33,50,37.83092252,1.108450223,unknown,mesic,high,ZF46-24B
34,50,8.330147344,4.294481704,unknown,subhygric,low,ZF46-30B
35,50,2.567400356,0.09346063,leg.C,mesic-subxeric,low,ZF46-35A
36,50,1.77531035,0.096103406,unknown,mesic,low,ZF46-48A
37,50,13.4626263,1.581973542,unknown,mesic,mid,ZF46-51A
38,50,13.43512264,0.220892264,leg.C,subhygric,low,ZF104-4B
39,50,8.702852461,0.703086079,unknown,subhygric,low,ZF104-12B
40,50,11.04658744,1.294429776,unknown,subhygric,low,ZF104-26A
41,50,15.95131134,0.373728568,unknown,subhygric,low,ZF104-57B
1,58,46.33770806,1.060315061,unknown,mesic-subxeric,mid,SS33-6B
2,58,7.608186788,2.451864822,unknown,subhygric,low,SS33-6C
3,58,98.87995607,1.277909908,non.leg,mesic,high,SS33-9C
4,58,6.729360801,1.334327209,unknown,mesic,mid,SS33-27B
5,58,33.617596,0.530870645,non.leg,mesic,low,ZF20-8C
6,58,2.464268408,0.97933414,unknown,mesic,low,ZF20-9B
7,58,25.51526065,0.41795451,non.leg,mesic,low,ZF20-12B
8,58,11.3276682,1.716927165,leg.C,mesic,mid,ZF20-34C
9,58,45.6809845,0.932541212,unknown,mesic-subhygric,low,ZF20-35A
10,58,52.41747757,1.749706813,unknown,mesic,mid,ZF20-52C
11,58,4.830682624,1.965494715,leg.C,mesic-subxeric,high,ZF20-59B
12,58,6.486703859,2.843953943,non.leg,mesic-subhygric,mid,ZF20-64C
13,58,76.30016948,1.801200066,leg.C,subhygric,low,ZF26-5C
14,58,76.92305206,2.164196976,non.leg,mesic-subxeric,mid,ZF26-6B
15,58,45.63621909,1.616229582,leg.C,mesic-subhygric,low,ZF26-7C
16,58,35.40542463,0.642695216,unknown,mesic-subhygric,low,ZF26-50C
17,58,23.50862402,0.7940397,leg.C,mesic-subxeric,high,ZF26-54B
18,58,29.05980296,0.747569739,unknown,mesic-subhygric,low,ZF26-66B
19,58,13.33836227,0.937805129,unknown,subhygric,low,ZF26-98B
20,58,35.47394557,0.584070412,unknown,mesic-subhygric,low,ZF26-104A
21,58,30.16523241,0.520348951,unknown,mesic-subhygric,low,ZF26-118B
22,58,34.42931553,0.541748418,non.leg,mesic-subhygric,mid,ZF35-11A
23,58,5.930671312,0.204235335,leg.C,mesic,low,ZF35-24A
24,58,10.3463907,0.534293274,leg.C,subhygric,low,ZF35-33A
25,58,12.18567914,0.584745438,leg.C,mesic-subhygric,low,ZF35-37B
26,58,33.25020841,1.080021914,leg.C,subhygric,low,ZF44-5A
27,58,56.56220034,0.277673029,unknown,mesic,mid,ZF44-16A
28,58,29.80484198,4.340930332,unknown,subhygric,low,ZF44-51C
29,58,15.63764479,2.351720978,leg.C,mesic,mid,ZF46-1C
30,58,1.727305503,0.240783835,unknown,mesic-subhygric,low,ZF46-15C
31,58,4.813279169,0.272665323,leg.C,mesic-subhygric,low,ZF46-18B
32,58,18.07530511,0.296019328,non.leg,mesic-subhygric,mid,ZF46-21B
33,58,39.16173407,0.51888567,unknown,mesic,high,ZF46-24B
34,58,7.620796208,3.376346267,unknown,subhygric,low,ZF46-30B
35,58,2.495865958,0.089668655,leg.C,mesic-subxeric,low,ZF46-35A
36,58,0.738758334,0.568619409,unknown,mesic,low,ZF46-48A
37,58,24.44485786,0.693995316,unknown,mesic,mid,ZF46-51A
38,58,14.10509443,0.238032971,leg.C,subhygric,low,ZF104-4B
39,58,9.853772839,0.704967875,unknown,subhygric,low,ZF104-12B
40,58,15.8875455,1.345374091,unknown,subhygric,low,ZF104-26A
41,58,15.86023891,0.430248458,unknown,subhygric,low,ZF104-57B
1,64,44.72887359,0.943127196,unknown,mesic-subxeric,mid,SS33-6B
2,64,10.05010902,1.789134479,unknown,subhygric,low,SS33-6C
3,64,99.93845482,0.624213037,non.leg,mesic,high,SS33-9C
4,64,6.567699004,1.201653474,unknown,mesic,mid,SS33-27B
5,64,39.7312778,1.606536941,non.leg,mesic,low,ZF20-8C
6,64,1.632409385,0.925089902,unknown,mesic,low,ZF20-9B
7,64,24.09944875,0.672079538,non.leg,mesic,low,ZF20-12B
8,64,16.5797194,0.541386853,leg.C,mesic,mid,ZF20-34C
9,64,37.07445085,2.467479321,unknown,mesic-subhygric,low,ZF20-35A
10,64,45.34032932,0.577017642,unknown,mesic,mid,ZF20-52C
11,64,4.515354087,NA,leg.C,mesic-subxeric,high,ZF20-59B
12,64,12.37842395,0.834868209,non.leg,mesic-subhygric,mid,ZF20-64C
13,64,80.0699875,1.723751609,leg.C,subhygric,low,ZF26-5C
14,64,80.41427746,2.748019634,non.leg,mesic-subxeric,mid,ZF26-6B
15,64,46.3563855,2.3191601,leg.C,mesic-subhygric,low,ZF26-7C
16,64,36.68572202,1.108146057,unknown,mesic-subhygric,low,ZF26-50C
17,64,24.46281939,1.24913037,leg.C,mesic-subxeric,high,ZF26-54B
18,64,29.57955648,1.815630864,unknown,mesic-subhygric,low,ZF26-66B
19,64,14.01068648,1.749548089,unknown,subhygric,low,ZF26-98B
20,64,35.58842364,1.230591842,unknown,mesic-subhygric,low,ZF26-104A
21,64,29.45653149,0.987601292,unknown,mesic-subhygric,low,ZF26-118B
22,64,34.83167005,0.420814789,non.leg,mesic-subhygric,mid,ZF35-11A
23,64,6.623920518,0.79893829,leg.C,mesic,low,ZF35-24A
24,64,8.938446319,1.671137716,leg.C,subhygric,low,ZF35-33A
25,64,4.790987841,2.377805635,leg.C,mesic-subhygric,low,ZF35-37B
26,64,34.3476109,0.881251717,leg.C,subhygric,low,ZF44-5A
27,64,57.44370215,0.919007217,unknown,mesic,mid,ZF44-16A
28,64,17.40716516,NA,unknown,subhygric,low,ZF44-51C
29,64,16.59819752,2.046471803,leg.C,mesic,mid,ZF46-1C
30,64,1.666366244,0.613462618,unknown,mesic-subhygric,low,ZF46-15C
31,64,4.105281411,0.432412541,leg.C,mesic-subhygric,low,ZF46-18B
32,64,5.755219372,1.456699563,non.leg,mesic-subhygric,mid,ZF46-21B
33,64,39.11638905,0.955216993,unknown,mesic,high,ZF46-24B
34,64,12.27899593,2.720941329,unknown,subhygric,low,ZF46-30B
35,64,1.258480148,0.29348724,leg.C,mesic-subxeric,low,ZF46-35A
36,64,1.678951182,0.128755924,unknown,mesic,low,ZF46-48A
37,64,23.04060231,0.915753612,unknown,mesic,mid,ZF46-51A
38,64,12.09549677,1.90139756,leg.C,subhygric,low,ZF104-4B
39,64,10.63352647,1.581960002,unknown,subhygric,low,ZF104-12B
40,64,8.523428885,2.111490217,unknown,subhygric,low,ZF104-26A
41,64,14.3161115,0.512715136,unknown,subhygric,low,ZF104-57B
1,72,41.40458244,0.767817797,unknown,mesic-subxeric,mid,SS33-6B
2,72,9.930533944,1.586820101,unknown,subhygric,low,SS33-6C
3,72,95.07650995,1.830863364,non.leg,mesic,high,SS33-9C
4,72,6.541725697,1.272061931,unknown,mesic,mid,SS33-27B
5,72,26.14131897,6.230645196,non.leg,mesic,low,ZF20-8C
6,72,0.523747029,NA,unknown,mesic,low,ZF20-9B
7,72,20.73388561,0.878496507,non.leg,mesic,low,ZF20-12B
8,72,16.55729331,0.396572319,leg.C,mesic,mid,ZF20-34C
9,72,19.37114152,4.935066579,unknown,mesic-subhygric,low,ZF20-35A
10,72,47.35879422,2.033750102,unknown,mesic,mid,ZF20-52C
11,72,5.998677651,1.67004505,leg.C,mesic-subxeric,high,ZF20-59B
12,72,12.30524257,1.079347038,non.leg,mesic-subhygric,mid,ZF20-64C
13,72,82.68567691,4.119135178,leg.C,subhygric,low,ZF26-5C
14,72,81.28315509,4.893990277,non.leg,mesic-subxeric,mid,ZF26-6B
15,72,45.62533646,3.874043616,leg.C,mesic-subhygric,low,ZF26-7C
16,72,37.42362388,2.624547612,unknown,mesic-subhygric,low,ZF26-50C
17,72,23.22133788,2.129872542,leg.C,mesic-subxeric,high,ZF26-54B
18,72,25.45014056,2.432230117,unknown,mesic-subhygric,low,ZF26-66B
19,72,12.80269499,2.80480069,unknown,subhygric,low,ZF26-98B
20,72,37.64014642,1.989653587,unknown,mesic-subhygric,low,ZF26-104A
21,72,28.1072683,1.30647126,unknown,mesic-subhygric,low,ZF26-118B
22,72,33.96324796,1.273883529,non.leg,mesic-subhygric,mid,ZF35-11A
23,72,6.860264181,0.395124029,leg.C,mesic,low,ZF35-24A
24,72,9.384792963,0.825628989,leg.C,subhygric,low,ZF35-33A
25,72,12.30070433,0.714024718,leg.C,mesic-subhygric,low,ZF35-37B
26,72,33.37779429,0.756304315,leg.C,subhygric,low,ZF44-5A
27,72,58.00756067,1.093241202,unknown,mesic,mid,ZF44-16A
28,72,18.9587975,7.4407125,unknown,subhygric,low,ZF44-51C
29,72,14.77704077,2.573951792,leg.C,mesic,mid,ZF46-1C
30,72,1.324047467,0.557463704,unknown,mesic-subhygric,low,ZF46-15C
31,72,4.918668622,0.193199048,leg.C,mesic-subhygric,low,ZF46-18B
32,72,4.691853427,1.234416889,non.leg,mesic-subhygric,mid,ZF46-21B
33,72,39.30478266,0.663029522,unknown,mesic,high,ZF46-24B
34,72,7.426567852,4.760837368,unknown,subhygric,low,ZF46-30B
35,72,1.572561593,0.53728814,leg.C,mesic-subxeric,low,ZF46-35A
36,72,1.604260037,0.457830296,unknown,mesic,low,ZF46-48A
37,72,22.87724938,0.537386973,unknown,mesic,mid,ZF46-51A
38,72,13.48938183,0.352370597,leg.C,subhygric,low,ZF104-4B
39,72,7.902237516,0.790605301,unknown,subhygric,low,ZF104-12B
40,72,10.12784126,1.301306221,unknown,subhygric,low,ZF104-26A
41,72,12.76675992,0.43062646,unknown,subhygric,low,ZF104-57B
1,79,41.34884738,1.338612384,unknown,mesic-subxeric,mid,SS33-6B
2,79,9.287257824,1.572743189,unknown,subhygric,low,SS33-6C
3,79,99.74004882,1.920883365,non.leg,mesic,high,SS33-9C
4,79,7.193649897,1.22227701,unknown,mesic,mid,SS33-27B
5,79,27.10735312,6.08716681,non.leg,mesic,low,ZF20-8C
6,79,1.527656768,0.652394357,unknown,mesic,low,ZF20-9B
7,79,21.05025208,0.649376105,non.leg,mesic,low,ZF20-12B
8,79,12.50785924,1.042496925,leg.C,mesic,mid,ZF20-34C
9,79,41.9911544,1.505363016,unknown,mesic-subhygric,low,ZF20-35A
10,79,43.88570641,1.66458072,unknown,mesic,mid,ZF20-52C
11,79,5.937807452,1.584684028,leg.C,mesic-subxeric,high,ZF20-59B
12,79,12.05511175,1.001752361,non.leg,mesic-subhygric,mid,ZF20-64C
13,79,87.21936029,1.86901279,leg.C,subhygric,low,ZF26-5C
14,79,88.25484973,3.412675318,non.leg,mesic-subxeric,mid,ZF26-6B
15,79,45.35206,2.846302379,leg.C,mesic-subhygric,low,ZF26-7C
16,79,42.68337748,1.514471471,unknown,mesic-subhygric,low,ZF26-50C
17,79,25.44389205,1.044012691,leg.C,mesic-subxeric,high,ZF26-54B
18,79,27.65205032,1.60394593,unknown,mesic-subhygric,low,ZF26-66B
19,79,12.66989989,1.459841769,unknown,subhygric,low,ZF26-98B
20,79,39.86470693,1.093104616,unknown,mesic-subhygric,low,ZF26-104A
21,79,27.57127192,1.181021704,unknown,mesic-subhygric,low,ZF26-118B
22,79,32.79403509,0.749519276,non.leg,mesic-subhygric,mid,ZF35-11A
23,79,6.929403805,0.477203633,leg.C,mesic,low,ZF35-24A
24,79,9.499047118,0.835029712,leg.C,subhygric,low,ZF35-33A
25,79,11.65238953,0.6935468,leg.C,mesic-subhygric,low,ZF35-37B
26,79,30.65299828,1.300774514,leg.C,subhygric,low,ZF44-5A
27,79,59.49202195,0.851868441,unknown,mesic,mid,ZF44-16A
28,79,17.8055171,8.198232221,unknown,subhygric,low,ZF44-51C
29,79,28.53980903,1.099887603,leg.C,mesic,mid,ZF46-1C
30,79,2.449038497,0.66883742,unknown,mesic-subhygric,low,ZF46-15C
31,79,5.493493674,0.688815525,leg.C,mesic-subhygric,low,ZF46-18B
32,79,18.06959516,0.935372736,non.leg,mesic-subhygric,mid,ZF46-21B
33,79,39.98546056,1.405909823,unknown,mesic,high,ZF46-24B
34,79,7.781124776,3.511826112,unknown,subhygric,low,ZF46-30B
35,79,1.78595381,0.654638917,leg.C,mesic-subxeric,low,ZF46-35A
36,79,1.889041281,0.53164434,unknown,mesic,low,ZF46-48A
37,79,16.12575683,1.499841421,unknown,mesic,mid,ZF46-51A
38,79,14.7055097,2.152104901,leg.C,subhygric,low,ZF104-4B
39,79,13.4465769,1.780864294,unknown,subhygric,low,ZF104-12B
40,79,20.05926356,2.580776463,unknown,subhygric,low,ZF104-26A
41,79,13.78079784,1.206764531,unknown,subhygric,low,ZF104-57B
1,90,41.83774904,2.033592812,unknown,mesic-subxeric,mid,SS33-6B
2,90,7.731543969,1.486217557,unknown,subhygric,low,SS33-6C
3,90,52.43318054,8.533586955,non.leg,mesic,high,SS33-9C
4,90,8.998477273,0.699638892,unknown,mesic,mid,SS33-27B
5,90,41.95637416,3.673246593,non.leg,mesic,low,ZF20-8C
6,90,1.598477033,0.599122791,unknown,mesic,low,ZF20-9B
7,90,18.31438165,0.530382098,non.leg,mesic,low,ZF20-12B
8,90,18.00470683,0.703266769,leg.C,mesic,mid,ZF20-34C
9,90,44.08259356,1.03941979,unknown,mesic-subhygric,low,ZF20-35A
10,90,44.66188478,2.42450193,unknown,mesic,mid,ZF20-52C
11,90,5.567579529,1.218855253,leg.C,mesic-subxeric,high,ZF20-59B
12,90,11.49100035,0.699893178,non.leg,mesic-subhygric,mid,ZF20-64C
13,90,97.67954059,2.230909676,leg.C,subhygric,low,ZF26-5C
14,90,105.1410118,2.60859996,non.leg,mesic-subxeric,mid,ZF26-6B
15,90,49.26699006,2.175759767,leg.C,mesic-subhygric,low,ZF26-7C
16,90,55.31433566,1.104810735,unknown,mesic-subhygric,low,ZF26-50C
17,90,25.58679354,1.053286515,leg.C,mesic-subxeric,high,ZF26-54B
18,90,28.74090016,1.057977809,unknown,mesic-subhygric,low,ZF26-66B
19,90,13.40326131,1.126474383,unknown,subhygric,low,ZF26-98B
20,90,43.021915,1.140025648,unknown,mesic-subhygric,low,ZF26-104A
21,90,29.85977677,1.018506612,unknown,mesic-subhygric,low,ZF26-118B
22,90,33.94357048,1.023162406,non.leg,mesic-subhygric,mid,ZF35-11A
23,90,8.078123583,0.426108602,leg.C,mesic,low,ZF35-24A
24,90,10.2746341,0.753585196,leg.C,subhygric,low,ZF35-33A
25,90,10.10981991,0.968185235,leg.C,mesic-subhygric,low,ZF35-37B
26,90,32.61759023,1.788026433,leg.C,subhygric,low,ZF44-5A
27,90,62.32772532,1.100533042,unknown,mesic,mid,ZF44-16A
28,90,13.95568974,NA,unknown,subhygric,low,ZF44-51C
29,90,14.926586,2.132128496,leg.C,mesic,mid,ZF46-1C
30,90,1.639118213,0.887762147,unknown,mesic-subhygric,low,ZF46-15C
31,90,3.658819916,0.641901481,leg.C,mesic-subhygric,low,ZF46-18B
32,90,17.83443636,0.780529539,non.leg,mesic-subhygric,mid,ZF46-21B
33,90,39.3491786,1.146788122,unknown,mesic,high,ZF46-24B
34,90,5.682834811,2.833741683,unknown,subhygric,low,ZF46-30B
35,90,1.58989769,0.480526009,leg.C,mesic-subxeric,low,ZF46-35A
36,90,2.350493056,0.550381733,unknown,mesic,low,ZF46-48A
37,90,12.0635486,1.644442809,unknown,mesic,mid,ZF46-51A
38,90,14.47469803,1.942955418,leg.C,subhygric,low,ZF104-4B
39,90,12.33339546,1.646716739,unknown,subhygric,low,ZF104-12B
40,90,21.13550429,2.394791496,unknown,subhygric,low,ZF104-26A
41,90,10.6624976,1.095338533,unknown,subhygric,low,ZF104-57B
